name;ort;x;y
3096930164;matsimNetworkNode;733351.8200000001;5698244.87
3096930167;matsimNetworkNode;733364.56;5698426.38
299330007;matsimNetworkNode;732218.94;5698920.76
3096930169;matsimNetworkNode;733302.6000000001;5698404.37
342286814;matsimNetworkNode;732345.53;5698595.33
3444639055;matsimNetworkNode;732450.52;5699562.9799999995
385297660;matsimNetworkNode;734331.42;5699217.54
265779456;matsimNetworkNode;737592.71;5700397.97
1516723289;matsimNetworkNode;736358.54;5699921.819999999
994416717;matsimNetworkNode;735916.8600000001;5700130.26
4585601495;matsimNetworkNode;734467.16;5698499.859999999
313053370;matsimNetworkNode;734732.65;5698350.8
319063830;matsimNetworkNode;734868.64;5699665.2299999995
4585601496;matsimNetworkNode;734610.04;5698549.17
3131307067;matsimNetworkNode;734383.18;5698613.779999999
1704363749;matsimNetworkNode;736461.67;5699672.74
298856723;matsimNetworkNode;731302.8400000001;5697357.699999999
319069013;matsimNetworkNode;733767.77;5698393.37
319067076;matsimNetworkNode;733835.05;5698635.97
270698510;matsimNetworkNode;735174.38;5698739.08
270698631;matsimNetworkNode;735367.45;5698515.3
2629739432;matsimNetworkNode;734846.22;5699125.149999999
261705989;matsimNetworkNode;732479.72;5696934.33
4806146376;matsimNetworkNode;732411.19;5698418.27
cluster_317672617_332473551;matsimNetworkNode;731461.15;5698023.99
1516723055;matsimNetworkNode;732576.3600000001;5700011.01
30216563;matsimNetworkNode;734772.4;5698940.96
30216566;matsimNetworkNode;734499.6000000001;5699536.609999999
cluster_320165824_5803901819;matsimNetworkNode;733505.03;5700062.1899999995
30216565;matsimNetworkNode;734436.77;5699385.06
319068035;matsimNetworkNode;733851.79;5698423.6899999995
298853684;matsimNetworkNode;732439.02;5698744.609999999
298856716;matsimNetworkNode;731460.06;5697269.92
261705990;matsimNetworkNode;732574.12;5696955.569999999
cluster_270698194_79830673;matsimNetworkNode;734951.3500000001;5698633.49
342286915;matsimNetworkNode;732316.5800000001;5698497.88
3444639075;matsimNetworkNode;732395.91;5699871.21
342283400;matsimNetworkNode;732357.42;5698674.819999999
2674634843;matsimNetworkNode;734492.5700000001;5698175.85
9546963698;matsimNetworkNode;734047.87;5700386.71
342279389;matsimNetworkNode;731894.75;5698634.35
2750656567;matsimNetworkNode;733596.73;5699126.05
392316869;matsimNetworkNode;730910.51;5697705.029999999
392316747;matsimNetworkNode;730841.95;5697633.8
270698850;matsimNetworkNode;735328.73;5698811.21
309247859;matsimNetworkNode;730949.51;5697779.529999999
31934405;matsimNetworkNode;734677.25;5699476.59
270698851;matsimNetworkNode;735456.99;5698523.6899999995
309247977;matsimNetworkNode;730802.28;5697881.42
cluster_1274290666_1294780490;matsimNetworkNode;735751.19;5699718.24
262380850;matsimNetworkNode;730920.74;5697962.4399999995
3377550098;matsimNetworkNode;737795.26;5700972.279999999
cluster_283699241_3093019160;matsimNetworkNode;734592.96;5700167.7299999995
303788038;matsimNetworkNode;734693.98;5698967.67
3109956801;matsimNetworkNode;731322.8600000001;5698637.72
309247987;matsimNetworkNode;730968.3;5697663.62
3109956802;matsimNetworkNode;731306.3;5698746.359999999
262380855;matsimNetworkNode;731141.8200000001;5697997.859999999
1197261780;matsimNetworkNode;736362.3400000001;5699686.9799999995
1197261787;matsimNetworkNode;735922.28;5700146.25
294926128;matsimNetworkNode;731759.3400000001;5697264.75
270698786;matsimNetworkNode;735407.6100000001;5698848.08
1197261669;matsimNetworkNode;736635.74;5699771.74
2166019117;matsimNetworkNode;731930.3200000001;5698538.68
cluster_26684387_26684411_3096907845_3096907854;matsimNetworkNode;732589.05;5698945.34
319057246;matsimNetworkNode;734662.88;5698409.7299999995
260623708;matsimNetworkNode;731468.6000000001;5698436.29
298329928;matsimNetworkNode;731050.43;5697513.89
317662734;matsimNetworkNode;731208.12;5697795.029999999
98985925;matsimNetworkNode;737651.31;5700641.87
cluster_1500870033_4795944874;matsimNetworkNode;733874.78;5698151.24
294926372;matsimNetworkNode;731328.21;5697597.02
319060405;matsimNetworkNode;734335.24;5699832.39
319060404;matsimNetworkNode;734285.54;5699815.24
3092250508;matsimNetworkNode;735709.56;5699970.199999999
342283515;matsimNetworkNode;732271.53;5698671.39
2166019103;matsimNetworkNode;731944.96;5698532.3
1714348829;matsimNetworkNode;730918.79;5698659.34
262381721;matsimNetworkNode;730687.56;5697882.779999999
303788015;matsimNetworkNode;734726.72;5698996.34
319062934;matsimNetworkNode;734465.75;5699740.42
1714348822;matsimNetworkNode;730913.3200000001;5698694.35
338387708;matsimNetworkNode;734933.89;5698821.43
264732747;matsimNetworkNode;736123.73;5699255.42
317954273;matsimNetworkNode;731155.74;5696820.51
313054557;matsimNetworkNode;733837.1100000001;5697914.06
402445430;matsimNetworkNode;731411.88;5696859.27
312295986;matsimNetworkNode;737617.73;5701069.029999999
1864721134;matsimNetworkNode;734279.66;5698575.75
261705951;matsimNetworkNode;732332.4;5697342.97
261705952;matsimNetworkNode;732501.47;5697164.029999999
294925373;matsimNetworkNode;732007.94;5697530.17
270706796;matsimNetworkNode;734646.21;5698498.21
cluster_270698274_334930895;matsimNetworkNode;735045.12;5698433.4799999995
317670697;matsimNetworkNode;732464.14;5698779.55
261705953;matsimNetworkNode;732674.26;5696978.88
cluster_2629687546_59603788;matsimNetworkNode;735431.25;5699081.62
cluster_261706053_4410409066;matsimNetworkNode;732375.03;5697046.319999999
313054320;matsimNetworkNode;733957.42;5698049.4799999995
317672626;matsimNetworkNode;731542.21;5697781.62
302360214;matsimNetworkNode;731416.5;5696932.27
317672624;matsimNetworkNode;731478.75;5697635.63
cluster_1727171185_298853699;matsimNetworkNode;732466.21;5698937.67
262686008;matsimNetworkNode;732371.65;5698419.27
262686009;matsimNetworkNode;732325.47;5698412.029999999
269339033;matsimNetworkNode;731291.44;5697265.54
cluster_262683156_262683421;matsimNetworkNode;732289.31;5698932.68
3095921928;matsimNetworkNode;734472.9;5699788.7299999995
4585601676;matsimNetworkNode;734829.3;5698614.8
270698414;matsimNetworkNode;735095.04;5698701.87
3092250848;matsimNetworkNode;735876.17;5700019.319999999
270706444;matsimNetworkNode;734293.8;5698410.63
2757782269;matsimNetworkNode;732727.8500000001;5699875.1
294926452;matsimNetworkNode;731468.18;5697405.24
1014713845;matsimNetworkNode;732804.95;5700154.18
317669571;matsimNetworkNode;732936.96;5698388.91
cluster_1516723068_7602325673;matsimNetworkNode;732760.05;5700027.92
260765319;matsimNetworkNode;731538.29;5698654.6899999995
319067137;matsimNetworkNode;733990.3500000001;5698720.68
1516723284;matsimNetworkNode;736348.1000000001;5699917.14
317672623;matsimNetworkNode;731457.23;5697781.9399999995
6682301728;matsimNetworkNode;736040.9;5699592.6
165155792;matsimNetworkNode;735868.88;5699113.31
cluster_1027084229_385297664;matsimNetworkNode;734491.95;5699260.699999999
30308505;matsimNetworkNode;734572.25;5699711.99
317670319;matsimNetworkNode;732871.88;5700169.51
262383800;matsimNetworkNode;731124.3600000001;5698146.77
30308501;matsimNetworkNode;735328.81;5699462.71
30308502;matsimNetworkNode;735230.49;5699685.09
30308504;matsimNetworkNode;734811.69;5699583.77
313053368;matsimNetworkNode;734574.17;5698382.319999999
313053369;matsimNetworkNode;734657.18;5698365.399999999
313054459;matsimNetworkNode;733890.05;5697968.66
1362010985;matsimNetworkNode;736094.4;5700032.46
270706572;matsimNetworkNode;733389.6000000001;5697656.31
294925370;matsimNetworkNode;732048.25;5697393.29
313054697;matsimNetworkNode;734431.5700000001;5698095.6899999995
270707267;matsimNetworkNode;734395.23;5698331.08
3093019153;matsimNetworkNode;734546.1000000001;5700081.279999999
31934457;matsimNetworkNode;734849.8500000001;5699540.47
3093019154;matsimNetworkNode;734598.31;5700134.79
59603269;matsimNetworkNode;735199.45;5699526.41
1362011012;matsimNetworkNode;736100.72;5700047.38
1362011011;matsimNetworkNode;736105.7;5700037.13
261722113;matsimNetworkNode;732384.18;5696862.029999999
123912443;matsimNetworkNode;735346.89;5699049.5
2578114731;matsimNetworkNode;735958.65;5699960.01
59603271;matsimNetworkNode;734709.6100000001;5699655.47
283192838;matsimNetworkNode;732384.28;5700060.96
59603275;matsimNetworkNode;735294.3600000001;5699560.46
59603396;matsimNetworkNode;734583.23;5699735.63
59603274;matsimNetworkNode;735106.65;5699490.2299999995
3096304356;matsimNetworkNode;734799.27;5699593.609999999
93809958;matsimNetworkNode;731225.3500000001;5697626.779999999
3093019155;matsimNetworkNode;734535.41;5700112.05
93809956;matsimNetworkNode;731215.68;5697434.91
3093019156;matsimNetworkNode;734608.67;5700104.88
913936707;matsimNetworkNode;736134.75;5699194.149999999
30237316;matsimNetworkNode;734333.16;5699677.14
59603277;matsimNetworkNode;735517.93;5699533.26
5775837671;matsimNetworkNode;731654.78;5697492.41
59603276;matsimNetworkNode;735480.8400000001;5699633.149999999
98988030;matsimNetworkNode;736683.87;5699961.89
270707278;matsimNetworkNode;734474.8200000001;5698356.5
6551714936;matsimNetworkNode;734527.47;5698583.109999999
31036081;matsimNetworkNode;736385.93;5699675.08
3096195837;matsimNetworkNode;735045.25;5699909.609999999
3092250829;matsimNetworkNode;735767.5800000001;5700039.069999999
1516723577;matsimNetworkNode;736344.13;5699926.97
4310157259;matsimNetworkNode;734177.04;5700114.72
59603282;matsimNetworkNode;735223.97;5699840.109999999
9546963700;matsimNetworkNode;734239.49;5698392.06
93809966;matsimNetworkNode;731581.9;5698789.399999999
cluster_145912340_145912343;matsimNetworkNode;732231.3;5699201.12
59603248;matsimNetworkNode;734747.66;5699503.24
cluster_375899076_4179661998;matsimNetworkNode;730843.4;5698496.72
4798784377;matsimNetworkNode;731886.37;5698354.359999999
3096195845;matsimNetworkNode;735388.48;5699903.569999999
4798784375;matsimNetworkNode;731889.92;5698329.08
319066498;matsimNetworkNode;734112.97;5698706.92
4310157252;matsimNetworkNode;734330.88;5700176.8
6044046562;matsimNetworkNode;732364.3500000001;5698935.7299999995
317664929;matsimNetworkNode;733499.4;5700180.34
4310157256;matsimNetworkNode;734226.51;5700137.6
59603252;matsimNetworkNode;735042.14;5699612.949999999
59603251;matsimNetworkNode;734537.3300000001;5699627.24
59603250;matsimNetworkNode;734619.3400000001;5699595.25
59603257;matsimNetworkNode;734588.79;5699151.359999999
59603256;matsimNetworkNode;734601.8300000001;5699447.56
59603255;matsimNetworkNode;734578.46;5699502.859999999
1516723228;matsimNetworkNode;732565.93;5700101.51
3093019162;matsimNetworkNode;734669.67;5700124.529999999
671938508;matsimNetworkNode;731590.99;5697399.49
954729913;matsimNetworkNode;732339.17;5698600.199999999
3093019164;matsimNetworkNode;734661.66;5700065.16
59603259;matsimNetworkNode;735144.39;5699392.02
59603258;matsimNetworkNode;734960.5;5699312.29
319064189;matsimNetworkNode;734209.43;5700023.92
cluster_262686725_342283317;matsimNetworkNode;732329.43;5698674.97
671494575;matsimNetworkNode;731589.73;5697232.359999999
4310157243;matsimNetworkNode;734714.5700000001;5700329.62
954729919;matsimNetworkNode;732188.3600000001;5698509.62
4310157237;matsimNetworkNode;734673.55;5700160.16
270746876;matsimNetworkNode;735320.78;5699263.199999999
cluster_317665513_5803901816;matsimNetworkNode;733752.66;5700282.83
26518478;matsimNetworkNode;731236.25;5696759.97
59603264;matsimNetworkNode;735158.78;5699796.819999999
59603262;matsimNetworkNode;734927.51;5699745.1
270707067;matsimNetworkNode;734465.15;5698258.99
3093019166;matsimNetworkNode;734624.74;5700060.42
59603268;matsimNetworkNode;735137.46;5699649.63
59603267;matsimNetworkNode;734985.5700000001;5699825.859999999
270707065;matsimNetworkNode;734535.75;5698304.319999999
59603266;matsimNetworkNode;735072.5900000001;5699738.8
59603265;matsimNetworkNode;734989.89;5699682.7299999995
6527908228;matsimNetworkNode;732231.66;5698784.1
6527908224;matsimNetworkNode;732244.13;5698733.3
256944653;matsimNetworkNode;734245.91;5699363.85
cluster_262382577_262680886;matsimNetworkNode;731067.55;5698561.51
2587885170;matsimNetworkNode;734907.51;5698796.49
276830088;matsimNetworkNode;731055.53;5697842.819999999
319064291;matsimNetworkNode;734069.53;5699972.46
4807072162;matsimNetworkNode;731870.8500000001;5698453.35
31950738;matsimNetworkNode;735965.73;5699143.31
4807072161;matsimNetworkNode;731875.54;5698423.109999999
165206211;matsimNetworkNode;735768.6100000001;5699719.06
3840389883;matsimNetworkNode;731441.31;5697622.12
2136714155;matsimNetworkNode;731844.63;5697399.819999999
82688110;matsimNetworkNode;731258.9;5696968.24
cluster_2587885154_4585250847;matsimNetworkNode;735386.38;5699206.74
270707232;matsimNetworkNode;734490.56;5698444.33
309247851;matsimNetworkNode;730848.23;5697776.26
cluster_317670326_4807018906;matsimNetworkNode;732911.2;5700179.149999999
294925787;matsimNetworkNode;731760.88;5698108.1899999995
cluster_6384906954_6384906955;matsimNetworkNode;731873.43;5698438.51
165156263;matsimNetworkNode;735706.87;5699704.71
256944664;matsimNetworkNode;734393.3600000001;5699322.39
4494216775;matsimNetworkNode;731466.69;5697290.55
cluster_2166018886_4798784381;matsimNetworkNode;731888.26;5698342.1
270746811;matsimNetworkNode;735290.0700000001;5699343.72
4710983104;matsimNetworkNode;733142.67;5697874.199999999
262686732;matsimNetworkNode;732177.37;5698575.56
2587885158;matsimNetworkNode;734897.24;5699011.5
79830587;matsimNetworkNode;733902.25;5698280.449999999
262686734;matsimNetworkNode;732053.44;5698556.069999999
319067424;matsimNetworkNode;733940.46;5698612.29
59973373;matsimNetworkNode;731313.43;5696728.16
59973374;matsimNetworkNode;731361.75;5697140.81
954729825;matsimNetworkNode;732197.9;5699137.22
283699292;matsimNetworkNode;734364.6000000001;5700085.9799999995
93809972;matsimNetworkNode;732228.8;5698982.12
93809971;matsimNetworkNode;732211.51;5698977.359999999
566285833;matsimNetworkNode;736054.24;5699549.71
319062099;matsimNetworkNode;734586.29;5700201.81
31934392;matsimNetworkNode;734770.43;5699231.449999999
31036070;matsimNetworkNode;736121.62;5700111.68
3282493119;matsimNetworkNode;732226.8600000001;5699969.819999999
313054164;matsimNetworkNode;734019.8600000001;5698110.699999999
cluster_1294780283_1294780304_1390346817_2587885195_#2more;matsimNetworkNode;734885.27;5698783.01
270746722;matsimNetworkNode;735372.12;5699281.26
262681199;matsimNetworkNode;731161.93;5698591.17
4806146363;matsimNetworkNode;732386.43;5698508.08
262381572;matsimNetworkNode;730935.14;5697880.9799999995
1390346806;matsimNetworkNode;734902.65;5698761.62
165206208;matsimNetworkNode;735759.68;5699695.42
3095941259;matsimNetworkNode;734501.74;5699865.04
3253557151;matsimNetworkNode;737521.28;5700807.27
31036066;matsimNetworkNode;735980.06;5699883.97
385297659;matsimNetworkNode;734328.4;5699325.52
319070802;matsimNetworkNode;734649.72;5699314.819999999
96621510;matsimNetworkNode;734426.3500000001;5698485.39
671494894;matsimNetworkNode;731617.05;5697446.67
3802456420;matsimNetworkNode;731284.95;5697202.34
1362031028;matsimNetworkNode;736182.3600000001;5699771.029999999
256944649;matsimNetworkNode;733456.05;5699073.85
96621503;matsimNetworkNode;734566.1100000001;5698470.6899999995
96621505;matsimNetworkNode;734448.71;5698429.79
1362031025;matsimNetworkNode;736281.46;5699771.55
256944644;matsimNetworkNode;732768.23;5698952.76
cluster_145966050_145966054;matsimNetworkNode;734812.98;5698882.62
177223042;matsimNetworkNode;732421.51;5696785.449999999
cluster_313053323_313053325;matsimNetworkNode;734665.17;5698193.38
262381581;matsimNetworkNode;731264.81;5697778.46
270698818;matsimNetworkNode;735551.95;5698532.89
4121757373;matsimNetworkNode;734357.2;5697973.3
954729886;matsimNetworkNode;732183.1100000001;5698544.609999999
4798787466;matsimNetworkNode;732068.78;5698558.359999999
5163299285;matsimNetworkNode;732120.42;5697533.81
268659276;matsimNetworkNode;732814.45;5697785.59
cluster_317672616_332473553;matsimNetworkNode;731447.77;5698109.63
261706031;matsimNetworkNode;732477.24;5696793.02
261706032;matsimNetworkNode;732467.75;5696822.84
165155708;matsimNetworkNode;735306.98;5699714.529999999
2359931584;matsimNetworkNode;733708.87;5697813.54
2570665951;matsimNetworkNode;736761.28;5699847.9799999995
261706150;matsimNetworkNode;732438.0800000001;5697106.1
430080787;matsimNetworkNode;731241.12;5698614.08
270746465;matsimNetworkNode;735356.72;5699368.83
59603793;matsimNetworkNode;735837.19;5699106.029999999
6545856687;matsimNetworkNode;734337.24;5698432.6899999995
260624685;matsimNetworkNode;731556.12;5698802.05
33600056;matsimNetworkNode;735924.8;5699169.649999999
675610040;matsimNetworkNode;734352.97;5698110.87
94040244;matsimNetworkNode;733193.05;5698526.649999999
283699261;matsimNetworkNode;734649.3300000001;5700254.49
2841902111;matsimNetworkNode;732193.8600000001;5699967.399999999
2683229218;matsimNetworkNode;734797.14;5699163.92
671494993;matsimNetworkNode;731632.5800000001;5697500.39
262380276;matsimNetworkNode;731103.3500000001;5698293.109999999
312170693;matsimNetworkNode;737404.6100000001;5700255.58
317666966;matsimNetworkNode;732388.8500000001;5699984.91
319067987;matsimNetworkNode;734055.4;5698496.04
59751455;matsimNetworkNode;731187.95;5696982.39
59751454;matsimNetworkNode;731148.78;5696781.92
319067986;matsimNetworkNode;734001.8600000001;5698645.9399999995
7054827328;matsimNetworkNode;737635.47;5700309.62
94040252;matsimNetworkNode;733148.01;5698249.05
262382576;matsimNetworkNode;731080.31;5698439.569999999
145912363;matsimNetworkNode;732433.48;5699525.55
290705349;matsimNetworkNode;734637.8300000001;5698924.9399999995
cluster_12352371_59973333;matsimNetworkNode;731382.87;5696693.4799999995
cluster_671494706_671494712;matsimNetworkNode;731595.92;5697324.9399999995
276685441;matsimNetworkNode;731279.78;5697156.109999999
268659254;matsimNetworkNode;733120.0800000001;5697897.84
671494962;matsimNetworkNode;731636.31;5697462.85
145970331;matsimNetworkNode;733874.54;5698186.04
309850884;matsimNetworkNode;734828.01;5699382.76
cluster_165155770_165155797_165156118_165156144_#8more;matsimNetworkNode;735920.04;5699123.49
319066645;matsimNetworkNode;733869.27;5698574.37
94040227;matsimNetworkNode;732893.27;5698347.4799999995
283699240;matsimNetworkNode;734524.54;5700143.33
98985380;matsimNetworkNode;737481.8500000001;5700777.39
319063375;matsimNetworkNode;734665.03;5699935.66
98987323;matsimNetworkNode;737481.1000000001;5700314.6
98987322;matsimNetworkNode;737235.2;5700124.1899999995
270706804;matsimNetworkNode;734600.42;5698246.41
312171876;matsimNetworkNode;735832.39;5700006.4799999995
33600192;matsimNetworkNode;736112.46;5699804.14
165091283;matsimNetworkNode;735603.8200000001;5699301.43
cluster_1488581931_270746595;matsimNetworkNode;735175.1100000001;5699301.069999999
2750638589;matsimNetworkNode;734779.12;5698606.59
145970327;matsimNetworkNode;733862.45;5698223.59
294929133;matsimNetworkNode;731765.13;5698595.88
270746598;matsimNetworkNode;734997.66;5699216.75
30256387;matsimNetworkNode;734476.91;5699281.04
294925952;matsimNetworkNode;731853.16;5697293.71
283699236;matsimNetworkNode;734333.8300000001;5700069.99
423772991;matsimNetworkNode;732694.68;5696903.43
98985379;matsimNetworkNode;737558.42;5700716.34
18345270;matsimNetworkNode;735881.3500000001;5699157.24
260624236;matsimNetworkNode;731387.8500000001;5698461.08
294925958;matsimNetworkNode;731846.3500000001;5697524.109999999
423772994;matsimNetworkNode;732711.64;5696857.01
145966042;matsimNetworkNode;734686.3600000001;5698822.779999999
312296383;matsimNetworkNode;737574.63;5701017.97
1972649280;matsimNetworkNode;731296.8400000001;5697308.7299999995
270707070;matsimNetworkNode;734379.78;5698252.97
312171111;matsimNetworkNode;737470.8400000001;5700889.74
312171110;matsimNetworkNode;737436.8300000001;5700864.91
262684720;matsimNetworkNode;731903.69;5698596.1
270707196;matsimNetworkNode;734515.44;5698105.4799999995
319066500;matsimNetworkNode;734172.3400000001;5698537.6
270707073;matsimNetworkNode;734304.62;5698290.359999999
cluster_1832293177_2587920392_5803901820_5803901821;matsimNetworkNode;733529.73;5700096.6899999995
262684724;matsimNetworkNode;731880.91;5698742.069999999
270707197;matsimNetworkNode;734534.95;5698093.75
3096907867;matsimNetworkNode;734859.5700000001;5699652.27
cluster_313053679_313054706;matsimNetworkNode;734558.3600000001;5698025.6
317672084;matsimNetworkNode;731985.31;5697361.56
317672082;matsimNetworkNode;731921.44;5697525.31
317672081;matsimNetworkNode;731832.77;5698107.18
299795433;matsimNetworkNode;735809.3500000001;5699916.399999999
1832293179;matsimNetworkNode;733511.8;5700125.7299999995
123912411;matsimNetworkNode;735011.0800000001;5698915.25
433472561;matsimNetworkNode;733469.99;5698465.1
1815444841;matsimNetworkNode;734758.0;5699801.87
123912416;matsimNetworkNode;735015.28;5698942.3
262681200;matsimNetworkNode;731144.42;5698698.24
294929078;matsimNetworkNode;731962.41;5698355.58
262684711;matsimNetworkNode;732312.3500000001;5698786.58
2674593520;matsimNetworkNode;733885.7;5698120.31
6035154448;matsimNetworkNode;731256.65;5697281.6899999995
2674593521;matsimNetworkNode;733869.01;5698169.6899999995
294929074;matsimNetworkNode;731895.7;5698290.41
262684715;matsimNetworkNode;732158.71;5698667.04
342283046;matsimNetworkNode;732359.74;5698504.13
342283287;matsimNetworkNode;732369.71;5698597.85
145912440;matsimNetworkNode;733928.1000000001;5700425.02
3205322589;matsimNetworkNode;731239.46;5696797.58
283699334;matsimNetworkNode;734566.75;5700254.17
2963360296;matsimNetworkNode;732732.06;5699877.33
918346659;matsimNetworkNode;731232.72;5697293.5
283700168;matsimNetworkNode;734575.9;5700229.99
3131299967;matsimNetworkNode;733608.72;5698693.8
79830635;matsimNetworkNode;734547.21;5698528.1
145912448;matsimNetworkNode;734017.22;5700449.819999999
104126030;matsimNetworkNode;734500.5800000001;5698655.55
319066840;matsimNetworkNode;734024.21;5698657.75
4807019042;matsimNetworkNode;733879.74;5700398.9799999995
312171319;matsimNetworkNode;737569.55;5700764.16
309629278;matsimNetworkNode;733909.75;5698161.37
312171315;matsimNetworkNode;737542.93;5700835.68
123912437;matsimNetworkNode;735036.3200000001;5698933.06
262681348;matsimNetworkNode;731220.31;5698722.83
145970401;matsimNetworkNode;733368.1100000001;5698112.26
270746792;matsimNetworkNode;735229.21;5699320.9399999995
261706142;matsimNetworkNode;732275.8600000001;5697238.319999999
954729796;matsimNetworkNode;732920.04;5698309.06
298859334;matsimNetworkNode;733524.17;5699098.9799999995
428328648;matsimNetworkNode;734525.42;5699417.55
319054729;matsimNetworkNode;733776.46;5697862.66
cluster_262380943_4566418202;matsimNetworkNode;731119.54;5697981.8
342282970;matsimNetworkNode;732400.76;5698424.37
5186291679;matsimNetworkNode;737761.1000000001;5700555.84
1487934554;matsimNetworkNode;735059.52;5699245.49
1490359332;matsimNetworkNode;734622.03;5699831.779999999
262381193;matsimNetworkNode;731114.05;5697946.319999999
262686268;matsimNetworkNode;732206.17;5698393.52
1487934435;matsimNetworkNode;732798.42;5697754.899999999
334933550;matsimNetworkNode;732966.26;5698961.699999999
495558787;matsimNetworkNode;734395.8400000001;5700096.67
5186291676;matsimNetworkNode;737755.3500000001;5700537.14
270698463;matsimNetworkNode;735191.3200000001;5698493.25
5186291678;matsimNetworkNode;737753.73;5700545.529999999
276830440;matsimNetworkNode;731142.51;5697815.21
5186291680;matsimNetworkNode;737776.23;5700552.9799999995
276256236;matsimNetworkNode;733455.42;5697597.3
392288790;matsimNetworkNode;735301.93;5699875.91
342279566;matsimNetworkNode;731982.62;5698616.71
291729156;matsimNetworkNode;736048.05;5699572.2299999995
904827517;matsimNetworkNode;735559.73;5699808.359999999
984445272;matsimNetworkNode;732723.28;5696844.52
904827515;matsimNetworkNode;735531.3200000001;5699721.12
294925085;matsimNetworkNode;731367.56;5698109.97
cluster_29941141_7125438369_7125438370;matsimNetworkNode;730987.4;5697539.17
1487934440;matsimNetworkNode;733413.12;5698141.949999999
2168769118;matsimNetworkNode;732111.5;5698651.85
cluster_283699263_4310157239;matsimNetworkNode;734664.26;5700188.68
392288789;matsimNetworkNode;734945.64;5699576.319999999
cluster_1197261911_31036074;matsimNetworkNode;736587.28;5699756.109999999
317669836;matsimNetworkNode;733100.99;5698485.92
428328662;matsimNetworkNode;734575.26;5699285.699999999
1487934559;matsimNetworkNode;735115.89;5699272.5
3282493095;matsimNetworkNode;732318.43;5699977.399999999
312296872;matsimNetworkNode;737715.26;5701135.37
317668743;matsimNetworkNode;732054.8600000001;5698636.49
262384599;matsimNetworkNode;731502.42;5698535.2299999995
270698567;matsimNetworkNode;735251.8400000001;5698775.43
294926267;matsimNetworkNode;731754.93;5697233.16
312171805;matsimNetworkNode;735781.0800000001;5699991.31
312171926;matsimNetworkNode;735728.72;5699975.649999999
4807019075;matsimNetworkNode;733380.18;5700022.529999999
270698562;matsimNetworkNode;735278.06;5698506.13
679172764;matsimNetworkNode;731422.99;5697582.62
98983014;matsimNetworkNode;737802.81;5701049.399999999
4409679796;matsimNetworkNode;731330.05;5697247.7299999995
427507316;matsimNetworkNode;732368.92;5698830.06
1727171209;matsimNetworkNode;732213.87;5699171.06
cluster_671494666_671494667;matsimNetworkNode;731591.14;5697278.54
82687765;matsimNetworkNode;731338.7;5696949.76
317669947;matsimNetworkNode;733039.29;5698279.67
cluster_317667305_317667367;matsimNetworkNode;732276.29;5700073.18
262383035;matsimNetworkNode;730899.54;5698446.71
294925184;matsimNetworkNode;731919.89;5698108.52
317669941;matsimNetworkNode;733024.91;5698447.449999999
262686273;matsimNetworkNode;732192.92;5698479.1899999995
294926134;matsimNetworkNode;732115.03;5697427.97
294926135;matsimNetworkNode;732147.53;5697444.91
984445368;matsimNetworkNode;731347.5800000001;5697239.1899999995
262383040;matsimNetworkNode;730916.06;5698515.56
262384372;matsimNetworkNode;731408.51;5698662.5
294926136;matsimNetworkNode;732211.62;5697477.46
298858608;matsimNetworkNode;731410.98;5697572.08
298858609;matsimNetworkNode;731468.18;5697505.529999999
165155754;matsimNetworkNode;735478.38;5699386.5
165155755;matsimNetworkNode;735361.31;5699342.9399999995
2674602754;matsimNetworkNode;734435.78;5698457.49
165155750;matsimNetworkNode;735445.13;5699373.52
5041574293;matsimNetworkNode;736558.9;5699798.199999999
312169608;matsimNetworkNode;737338.05;5700267.14
2315604022;matsimNetworkNode;734681.04;5699974.6
165155757;matsimNetworkNode;735431.29;5699762.66
262680979;matsimNetworkNode;730994.81;5698539.04
3092250496;matsimNetworkNode;735771.87;5700025.13
312169604;matsimNetworkNode;737137.15;5700446.77
317665695;matsimNetworkNode;733783.5700000001;5700172.17
1491498439;matsimNetworkNode;733688.27;5697799.46
6579835627;matsimNetworkNode;734299.45;5698382.6899999995
145912389;matsimNetworkNode;732808.0800000001;5699917.64
270706811;matsimNetworkNode;734362.9;5698167.99
6222281533;matsimNetworkNode;737336.94;5700203.47
270706817;matsimNetworkNode;734332.3200000001;5698389.47
cluster_31952479_31952511;matsimNetworkNode;736136.18;5699180.819999999
165155744;matsimNetworkNode;735512.43;5699399.26
cluster_165155736_165155756;matsimNetworkNode;735563.3;5699410.62
433472606;matsimNetworkNode;734728.49;5699344.85
1533283403;matsimNetworkNode;737574.81;5700379.55
165155747;matsimNetworkNode;735410.65;5699360.99
264729734;matsimNetworkNode;732672.99;5698949.68
2631167832;matsimNetworkNode;737035.5800000001;5700238.9799999995
261706992;matsimNetworkNode;732671.81;5696732.83
433472604;matsimNetworkNode;734921.42;5699419.35
270698394;matsimNetworkNode;735109.4;5698462.199999999
283699981;matsimNetworkNode;734645.4;5700223.42
954730044;matsimNetworkNode;732197.3200000001;5699114.819999999
9460484135;matsimNetworkNode;737598.62;5700351.96
165155731;matsimNetworkNode;735553.42;5699439.08
312170654;matsimNetworkNode;737360.47;5700221.58
2629687548;matsimNetworkNode;735600.64;5699144.4799999995
3578661710;matsimNetworkNode;731291.6000000001;5697396.6899999995
342279416;matsimNetworkNode;731893.5;5698646.96
3094226563;matsimNetworkNode;734399.63;5699882.92
313053862;matsimNetworkNode;734148.62;5698222.029999999
1491498433;matsimNetworkNode;733680.92;5697794.449999999
319063746;matsimNetworkNode;735012.3200000001;5699451.93
262383070;matsimNetworkNode;731022.5900000001;5698358.62
319073624;matsimNetworkNode;734951.27;5699195.08
3444639037;matsimNetworkNode;732434.8600000001;5699513.199999999
94040257;matsimNetworkNode;733027.99;5698130.24
3444639038;matsimNetworkNode;732403.03;5699514.72
94040254;matsimNetworkNode;733166.01;5698178.97
260627925;matsimNetworkNode;731552.8;5698707.41
427949978;matsimNetworkNode;733526.92;5698307.609999999
427949977;matsimNetworkNode;733426.3200000001;5698271.21
4806146928;matsimNetworkNode;732266.54;5698662.85
2674603904;matsimNetworkNode;734365.24;5698401.59
312171845;matsimNetworkNode;735773.38;5699989.1
3444639032;matsimNetworkNode;732412.1000000001;5699502.9799999995
6313250687;matsimNetworkNode;734319.27;5698181.52
312171846;matsimNetworkNode;735787.8400000001;5699993.2299999995
98985873;matsimNetworkNode;737203.62;5700393.97
261721802;matsimNetworkNode;732327.93;5697008.3
261721803;matsimNetworkNode;732311.3600000001;5696896.24
428332873;matsimNetworkNode;735338.1000000001;5699726.0
1704363753;matsimNetworkNode;736296.74;5699718.3
298330298;matsimNetworkNode;731225.93;5697642.04
294928491;matsimNetworkNode;731801.29;5698364.83
313053995;matsimNetworkNode;734240.72;5697978.58
313053997;matsimNetworkNode;734083.77;5698166.1
294928496;matsimNetworkNode;731866.13;5698483.37
294928495;matsimNetworkNode;731880.13;5698392.4799999995
165155726;matsimNetworkNode;735539.89;5699475.83
2295173263;matsimNetworkNode;734176.99;5699346.67
984445441;matsimNetworkNode;732732.5;5696833.4399999995
270698378;matsimNetworkNode;735016.69;5698664.97
cluster_31036064_31036065;matsimNetworkNode;735998.65;5699796.3
312170988;matsimNetworkNode;737410.3600000001;5700838.279999999
3444639045;matsimNetworkNode;732426.12;5699532.4799999995
1840128947;matsimNetworkNode;737265.9;5700343.6
3444639046;matsimNetworkNode;732416.0900000001;5699533.77
cluster_89106545_89110070;matsimNetworkNode;732486.06;5698112.91
283699725;matsimNetworkNode;734459.8;5700119.83
145970364;matsimNetworkNode;733755.47;5698188.83
165155712;matsimNetworkNode;735370.23;5699738.35
cluster_312169565_98987321;matsimNetworkNode;737201.21;5700107.06
671495062;matsimNetworkNode;731657.2;5697566.87
cluster_12351915_1820624355_3802456410_3802456411_#2more;matsimNetworkNode;732790.53;5696855.029999999
428332862;matsimNetworkNode;735385.0700000001;5699596.9799999995
165155717;matsimNetworkNode;735504.72;5699790.4799999995
3094226582;matsimNetworkNode;734448.19;5699952.1
1742636872;matsimNetworkNode;734249.29;5698225.59
342277696;matsimNetworkNode;730761.63;5697715.24
165155715;matsimNetworkNode;735553.99;5699662.4799999995